{
  "project_info": {
    "project_number": "171272077210",
    "project_id": "androidcarrentalapp",
    "storage_bucket": "androidcarrentalapp.firebasestorage.app"
  },
  "client": [
    {
      "client_info": {
        "mobilesdk_app_id": "1:171272077210:android:dc670ef31048ebb03a4423",
        "android_client_info": {
          "package_name": "com.example.carrentalapp"
        }
      },
      "oauth_client": [],
      "api_key": [
        {
          "current_key": "AIzaSyB0M-bBdC-_5l2w5rd7xXMkIZCyYz7qypE"
        }
      ],
      "services": {
        "appinvite_service": {
          "other_platform_oauth_client": []
        }
      }
    }
  ],
  "configuration_version": "1"
}